{"cameraMode":{"drawMode":0,"name":"Shaded","section":"Shading Mode"},"sceneLighting":true,"audioPlay":false,"sceneViewState":{"m_AlwaysRefresh":false,"showFog":true,"showSkybox":true,"showFlares":true,"showImageEffects":true,"showParticleSystems":true,"showVisualEffectGraphs":true,"m_FxEnabled":true},"in2DMode":false,"pivot":{"x":-0.8693710565567017,"y":-72.89785766601563,"z":18.675678253173829},"rotation":{"x":0.6360555291175842,"y":-0.00578715605661273,"z":0.004770536907017231,"w":0.7716079950332642},"size":43.2665901184082,"orthographic":true}